loan_id,origination_date,origination_month,loan_amount,loan_status,loan_grade,credit_bureau_score,internal_score,loan_use,location_city,interest_rate
L-00000,2022-01-20,2022-01,13228.28,PaidOff,C,512,10,Home,New York,21.04
L-00001,2022-01-11,2022-01,18158.38,PaidOff,A,724,99,Home,Toronto,23.96
L-00002,2022-01-13,2022-01,24700.57,PaidOff,D,538,54,Home,Nairobi,15.33
L-00003,2022-01-13,2022-01,11635.09,PaidOff,A,806,83,Education,London,10.76
L-00004,2022-01-20,2022-01,13501.4,PaidOff,A,769,92,Home,London,18.81
L-00005,2022-01-22,2022-01,6002.8,PaidOff,D,602,49,Education,London,13.44
L-00006,2022-01-20,2022-01,8181.99,PaidOff,C,549,22,Education,London,24.63
L-00007,2022-01-05,2022-01,17503.2,PaidOff,B,622,67,Home,New York,23.85
L-00008,2022-01-13,2022-01,5736.5,PaidOff,B,713,66,Home,New York,13.68
L-00009,2022-01-18,2022-01,7088.17,PaidOff,D,576,64,Business,Lagos,18.59
L-00010,2022-01-20,2022-01,14043.03,PaidOff,B,746,65,Home,Toronto,16.36
L-00011,2022-01-08,2022-01,10314.2,Defaulted,B,669,73,Health,Toronto,14.28
L-00012,2022-01-24,2022-01,13809.47,PaidOff,D,643,55,Health,Toronto,18.89
L-00013,2022-01-25,2022-01,14891.41,Defaulted,C,546,11,Health,Toronto,17.48
L-00014,2022-01-17,2022-01,11481.94,PaidOff,B,602,80,Education,London,15.16
L-00015,2022-02-05,2022-02,15097.48,PaidOff,A,791,99,Health,Nairobi,19.35
L-00016,2022-02-05,2022-02,12911.65,PaidOff,B,738,69,Home,Nairobi,17.89
L-00017,2022-02-17,2022-02,20620.8,Defaulted,B,694,83,Business,New York,22.57
L-00018,2022-02-16,2022-02,12000.62,PaidOff,C,533,53,Business,New York,22.48
L-00019,2022-02-03,2022-02,17246.4,Defaulted,D,646,24,Home,New York,10.75
L-00020,2022-02-02,2022-02,11580.29,PaidOff,C,510,13,Business,London,13.76
L-00021,2022-02-26,2022-02,10876.86,PaidOff,B,675,80,Business,Nairobi,19.21
L-00022,2022-02-16,2022-02,24471.42,PaidOff,D,560,31,Business,London,22.53
L-00023,2022-02-03,2022-02,21363.0,PaidOff,D,550,32,Health,Toronto,15.36
L-00024,2022-02-04,2022-02,11856.92,PaidOff,C,613,35,Health,London,19.67
L-00025,2022-02-24,2022-02,18341.23,PaidOff,A,739,93,Home,Toronto,12.65
L-00026,2022-02-18,2022-02,14625.91,PaidOff,C,534,54,Home,Lagos,10.44
L-00027,2022-02-09,2022-02,19598.45,PaidOff,B,736,66,Home,Toronto,23.01
L-00028,2022-02-24,2022-02,12930.31,Defaulted,D,546,10,Home,London,13.31
L-00029,2022-02-03,2022-02,19087.55,PaidOff,B,620,76,Health,New York,23.72
L-00030,2022-03-07,2022-03,16670.0,PaidOff,A,828,90,Education,Nairobi,11.83
L-00031,2022-03-20,2022-03,11337.9,Defaulted,B,637,82,Business,London,17.44
L-00032,2022-03-12,2022-03,15481.8,Defaulted,D,611,35,Business,Nairobi,15.07
L-00033,2022-03-20,2022-03,24451.96,Defaulted,D,621,14,Health,Nairobi,18.16
L-00034,2022-03-04,2022-03,15956.0,Defaulted,D,563,59,Health,London,13.47
L-00035,2022-03-26,2022-03,11694.43,PaidOff,B,686,77,Business,Toronto,10.77
L-00036,2022-03-04,2022-03,18320.27,PaidOff,B,610,64,Business,New York,19.79
L-00037,2022-03-12,2022-03,20660.03,Defaulted,D,611,59,Education,Nairobi,19.77
L-00038,2022-03-09,2022-03,24548.25,PaidOff,C,505,37,Health,London,10.0
L-00039,2022-03-11,2022-03,7127.35,PaidOff,D,608,26,Business,London,14.93
L-00040,2022-03-23,2022-03,11562.21,PaidOff,C,579,41,Business,London,18.35
L-00041,2022-03-24,2022-03,9889.67,PaidOff,A,737,83,Home,Toronto,23.47
L-00042,2022-03-06,2022-03,23826.72,Defaulted,D,560,50,Business,New York,17.69
L-00043,2022-03-14,2022-03,15043.04,PaidOff,A,746,92,Home,Nairobi,23.85
L-00044,2022-03-20,2022-03,14637.72,PaidOff,D,576,10,Education,Lagos,18.22
L-00045,2022-04-11,2022-04,12184.78,PaidOff,A,802,100,Business,Lagos,22.57
L-00046,2022-04-23,2022-04,14609.41,Defaulted,C,569,12,Business,New York,12.98
L-00047,2022-04-24,2022-04,14110.94,PaidOff,D,607,22,Business,Lagos,15.64
L-00048,2022-04-09,2022-04,21080.72,PaidOff,C,543,37,Business,New York,24.5
L-00049,2022-04-22,2022-04,14851.79,PaidOff,A,831,86,Education,Toronto,13.36
L-00050,2022-04-26,2022-04,16845.28,Defaulted,B,739,79,Health,London,17.84
L-00051,2022-04-10,2022-04,6115.76,PaidOff,B,630,78,Education,New York,11.42
L-00052,2022-04-08,2022-04,23918.38,Defaulted,D,623,14,Education,London,12.7
L-00053,2022-04-14,2022-04,24628.43,PaidOff,A,814,100,Education,Lagos,23.22
L-00054,2022-04-24,2022-04,20023.32,PaidOff,C,579,26,Health,Nairobi,16.33
L-00055,2022-04-03,2022-04,5263.26,PaidOff,A,716,99,Education,Toronto,10.21
L-00056,2022-04-01,2022-04,23768.75,PaidOff,C,584,56,Business,Toronto,24.99
L-00057,2022-04-14,2022-04,8214.31,PaidOff,B,691,61,Business,London,16.37
L-00058,2022-04-17,2022-04,18081.07,PaidOff,B,645,85,Education,Nairobi,19.65
L-00059,2022-04-17,2022-04,20398.71,PaidOff,B,655,64,Health,Nairobi,13.47
L-00060,2022-05-11,2022-05,12440.4,PaidOff,A,736,84,Education,New York,18.66
L-00061,2022-05-19,2022-05,18597.03,PaidOff,D,587,39,Health,Nairobi,18.41
L-00062,2022-05-02,2022-05,15942.89,Defaulted,D,577,48,Education,Nairobi,15.49
L-00063,2022-05-17,2022-05,7473.44,PaidOff,A,812,95,Home,Nairobi,16.76
L-00064,2022-05-01,2022-05,6938.71,Defaulted,B,627,65,Education,Toronto,18.19
L-00065,2022-05-17,2022-05,16004.44,PaidOff,A,825,87,Home,Lagos,17.51
L-00066,2022-05-05,2022-05,17321.15,PaidOff,B,715,61,Home,Toronto,16.87
L-00067,2022-05-03,2022-05,13905.89,PaidOff,B,607,63,Health,Toronto,13.66
L-00068,2022-05-16,2022-05,21869.57,PaidOff,C,559,44,Business,Lagos,21.14
L-00069,2022-05-02,2022-05,19858.88,PaidOff,A,719,93,Business,Lagos,23.06
L-00070,2022-05-19,2022-05,11255.15,PaidOff,D,613,52,Business,New York,11.61
L-00071,2022-05-10,2022-05,24573.63,PaidOff,A,829,99,Health,New York,18.55
L-00072,2022-05-21,2022-05,6295.89,PaidOff,D,605,18,Education,Lagos,24.94
L-00073,2022-05-15,2022-05,12482.22,PaidOff,B,629,73,Education,Toronto,10.24
L-00074,2022-05-02,2022-05,8523.26,PaidOff,A,850,99,Business,Toronto,24.51
L-00075,2022-06-06,2022-06,10363.0,PaidOff,D,619,48,Education,London,17.15
L-00076,2022-06-09,2022-06,11772.01,PaidOff,D,644,32,Business,Nairobi,15.01
L-00077,2022-06-06,2022-06,9221.65,Defaulted,D,610,27,Education,London,22.47
L-00078,2022-06-08,2022-06,23722.73,PaidOff,A,701,85,Education,Toronto,18.31
L-00079,2022-06-15,2022-06,14621.9,PaidOff,C,572,33,Education,London,10.38
L-00080,2022-06-09,2022-06,13473.21,Defaulted,D,505,53,Health,London,13.8
L-00081,2022-06-04,2022-06,21085.79,Defaulted,B,629,69,Business,Nairobi,23.14
L-00082,2022-06-24,2022-06,19106.48,PaidOff,B,641,75,Education,Nairobi,10.59
L-00083,2022-06-05,2022-06,20470.88,PaidOff,A,848,91,Education,London,19.88
L-00084,2022-06-18,2022-06,22650.23,Defaulted,C,573,64,Health,New York,24.7
L-00085,2022-06-11,2022-06,16379.0,Defaulted,B,729,72,Education,Nairobi,14.3
L-00086,2022-06-03,2022-06,8562.49,PaidOff,C,558,58,Health,New York,12.42
L-00087,2022-06-18,2022-06,13680.17,PaidOff,B,684,70,Education,Lagos,12.92
L-00088,2022-06-15,2022-06,19778.01,PaidOff,C,515,41,Business,London,24.36
L-00089,2022-06-01,2022-06,7064.12,Defaulted,D,618,61,Health,Toronto,12.02
L-00090,2022-07-07,2022-07,5800.54,PaidOff,D,552,18,Home,Nairobi,20.01
L-00091,2022-07-21,2022-07,19146.83,PaidOff,A,795,85,Home,New York,15.59
L-00092,2022-07-10,2022-07,9534.09,PaidOff,C,510,37,Home,New York,20.01
L-00093,2022-07-11,2022-07,23441.75,Defaulted,C,538,48,Business,London,15.11
L-00094,2022-07-26,2022-07,12527.84,Defaulted,D,543,49,Business,Nairobi,16.73
L-00095,2022-07-08,2022-07,23303.58,PaidOff,D,557,18,Business,New York,20.12
L-00096,2022-07-05,2022-07,19833.35,PaidOff,B,736,81,Home,Nairobi,18.75
L-00097,2022-07-08,2022-07,7604.73,Defaulted,D,622,10,Education,New York,24.01
L-00098,2022-07-18,2022-07,15011.34,PaidOff,D,505,53,Business,Toronto,15.8
L-00099,2022-07-07,2022-07,7307.03,PaidOff,B,720,77,Health,Nairobi,14.8
L-00100,2022-07-19,2022-07,15250.13,PaidOff,D,502,61,Education,London,10.69
L-00101,2022-07-01,2022-07,11399.86,PaidOff,C,521,64,Health,New York,22.86
L-00102,2022-07-21,2022-07,13291.29,PaidOff,C,553,47,Health,Toronto,10.03
L-00103,2022-07-20,2022-07,11105.41,PaidOff,A,780,88,Business,Toronto,17.29
L-00104,2022-07-03,2022-07,5601.03,PaidOff,C,647,23,Home,Toronto,13.62
L-00105,2022-08-25,2022-08,12878.0,PaidOff,A,849,98,Business,Toronto,14.57
L-00106,2022-08-04,2022-08,14966.03,PaidOff,D,519,31,Home,Nairobi,24.94
L-00107,2022-08-23,2022-08,12861.39,PaidOff,A,750,85,Home,Toronto,12.57
L-00108,2022-08-24,2022-08,24038.7,Defaulted,D,527,29,Business,London,14.18
L-00109,2022-08-24,2022-08,24710.97,PaidOff,D,571,50,Health,Nairobi,14.97
L-00110,2022-08-23,2022-08,7562.07,PaidOff,A,747,97,Education,Lagos,23.33
L-00111,2022-08-08,2022-08,20526.12,PaidOff,A,713,92,Home,Lagos,10.67
L-00112,2022-08-08,2022-08,14200.11,PaidOff,A,730,80,Business,Toronto,24.73
L-00113,2022-08-02,2022-08,17564.07,PaidOff,C,555,15,Business,Toronto,16.4
L-00114,2022-08-25,2022-08,5673.02,PaidOff,A,724,98,Home,Toronto,14.81
L-00115,2022-08-20,2022-08,14826.59,PaidOff,A,798,93,Business,Nairobi,23.74
L-00116,2022-08-09,2022-08,7433.07,PaidOff,A,739,80,Health,London,10.45
L-00117,2022-08-04,2022-08,6434.7,PaidOff,C,508,46,Home,Lagos,14.98
L-00118,2022-08-09,2022-08,7392.32,PaidOff,A,749,89,Health,Nairobi,24.84
L-00119,2022-08-04,2022-08,12554.21,PaidOff,A,730,89,Health,Lagos,22.6
L-00120,2022-09-09,2022-09,16075.79,PaidOff,B,619,65,Education,Nairobi,12.2
L-00121,2022-09-23,2022-09,9583.42,PaidOff,D,522,14,Business,Nairobi,15.41
L-00122,2022-09-19,2022-09,16235.59,Defaulted,D,621,52,Health,Nairobi,23.4
L-00123,2022-09-01,2022-09,19484.79,PaidOff,A,807,81,Business,Toronto,23.95
L-00124,2022-09-03,2022-09,22254.86,PaidOff,B,627,81,Business,Nairobi,18.6
L-00125,2022-09-11,2022-09,21144.75,PaidOff,A,729,87,Home,Nairobi,14.93
L-00126,2022-09-20,2022-09,6839.76,PaidOff,D,626,25,Business,London,22.5
L-00127,2022-09-07,2022-09,20926.8,Defaulted,D,577,40,Health,New York,16.61
L-00128,2022-09-05,2022-09,6730.82,PaidOff,C,618,24,Education,Lagos,17.92
L-00129,2022-09-12,2022-09,24064.61,PaidOff,B,679,71,Education,Lagos,12.4
L-00130,2022-09-23,2022-09,20222.96,Defaulted,D,582,37,Education,Lagos,20.72
L-00131,2022-09-13,2022-09,16046.9,PaidOff,A,841,95,Business,Lagos,12.6
L-00132,2022-09-14,2022-09,14306.48,PaidOff,A,732,98,Home,Lagos,22.92
L-00133,2022-09-23,2022-09,17353.51,PaidOff,C,500,55,Health,Nairobi,17.54
L-00134,2022-09-15,2022-09,23308.83,PaidOff,A,737,82,Home,Lagos,12.34
L-00135,2022-10-07,2022-10,8248.1,Defaulted,C,590,29,Health,Toronto,18.21
L-00136,2022-10-12,2022-10,21386.79,Defaulted,D,602,44,Business,New York,13.94
L-00137,2022-10-19,2022-10,5579.15,PaidOff,B,707,84,Education,Lagos,17.72
L-00138,2022-10-25,2022-10,8414.51,PaidOff,B,708,75,Business,London,16.57
L-00139,2022-10-03,2022-10,23956.56,PaidOff,D,621,28,Health,London,10.04
L-00140,2022-10-18,2022-10,6627.27,PaidOff,C,635,42,Home,London,22.72
L-00141,2022-10-06,2022-10,9060.79,Defaulted,D,531,34,Education,New York,13.03
L-00142,2022-10-01,2022-10,5031.35,PaidOff,B,603,82,Business,New York,13.6
L-00143,2022-10-24,2022-10,10003.83,PaidOff,B,606,71,Home,Nairobi,15.58
L-00144,2022-10-13,2022-10,23372.77,PaidOff,A,722,81,Business,New York,21.83
L-00145,2022-10-22,2022-10,11130.39,PaidOff,A,717,82,Home,Nairobi,24.23
L-00146,2022-10-02,2022-10,21671.76,PaidOff,D,619,65,Education,Nairobi,24.39
L-00147,2022-10-15,2022-10,11097.18,PaidOff,D,525,35,Health,Toronto,12.48
L-00148,2022-10-02,2022-10,22251.39,PaidOff,D,638,45,Home,London,10.57
L-00149,2022-10-10,2022-10,22829.22,PaidOff,A,800,98,Business,Toronto,14.33
L-00150,2022-11-19,2022-11,24746.51,PaidOff,D,564,55,Health,Lagos,19.66
L-00151,2022-11-21,2022-11,8096.65,PaidOff,A,828,80,Health,London,10.28
L-00152,2022-11-02,2022-11,5710.41,PaidOff,A,754,83,Health,New York,10.25
L-00153,2022-11-05,2022-11,8118.71,Defaulted,D,569,48,Business,Toronto,11.48
L-00154,2022-11-25,2022-11,8317.59,PaidOff,C,554,33,Home,London,19.74
L-00155,2022-11-21,2022-11,17765.26,PaidOff,A,848,88,Home,New York,20.5
L-00156,2022-11-17,2022-11,17965.51,PaidOff,A,776,84,Education,New York,20.24
L-00157,2022-11-20,2022-11,16641.87,PaidOff,D,529,10,Home,Lagos,18.07
L-00158,2022-11-06,2022-11,24624.27,PaidOff,A,837,96,Health,Lagos,22.72
L-00159,2022-11-22,2022-11,15382.05,PaidOff,B,681,73,Health,Nairobi,15.08
L-00160,2022-11-05,2022-11,14191.08,PaidOff,A,731,94,Education,New York,22.75
L-00161,2022-11-13,2022-11,16175.6,PaidOff,B,671,71,Business,Toronto,19.39
L-00162,2022-11-02,2022-11,24018.8,PaidOff,D,507,34,Education,Toronto,14.46
L-00163,2022-11-02,2022-11,14615.98,PaidOff,C,640,38,Health,Lagos,12.48
L-00164,2022-11-21,2022-11,11450.78,Defaulted,C,533,32,Education,London,15.28
L-00165,2022-12-06,2022-12,19734.42,PaidOff,B,671,84,Home,London,24.81
L-00166,2022-12-14,2022-12,9084.2,PaidOff,C,526,30,Home,Lagos,14.82
L-00167,2022-12-14,2022-12,23570.0,PaidOff,C,505,64,Business,Nairobi,13.72
L-00168,2022-12-09,2022-12,11380.05,Defaulted,D,552,45,Home,New York,19.47
L-00169,2022-12-22,2022-12,19803.76,Defaulted,D,622,56,Education,New York,11.36
L-00170,2022-12-14,2022-12,18271.25,PaidOff,A,722,97,Home,New York,22.81
L-00171,2022-12-25,2022-12,24909.37,PaidOff,C,649,15,Home,Nairobi,15.71
L-00172,2022-12-12,2022-12,15517.98,PaidOff,A,729,80,Health,Nairobi,12.5
L-00173,2022-12-23,2022-12,8289.05,PaidOff,C,586,43,Business,Nairobi,19.48
L-00174,2022-12-07,2022-12,18968.08,Defaulted,D,520,12,Business,Toronto,14.65
L-00175,2022-12-11,2022-12,11181.54,PaidOff,B,665,85,Health,Nairobi,19.14
L-00176,2022-12-03,2022-12,9312.9,PaidOff,C,611,60,Health,Nairobi,14.54
L-00177,2022-12-06,2022-12,16756.18,PaidOff,B,676,72,Business,Toronto,16.69
L-00178,2022-12-01,2022-12,18571.87,PaidOff,D,558,54,Education,Nairobi,11.79
L-00179,2022-12-22,2022-12,17538.81,PaidOff,C,631,45,Education,Toronto,18.4
L-00180,2023-01-10,2023-01,17841.04,Defaulted,C,644,42,Business,Toronto,14.59
L-00181,2023-01-06,2023-01,6475.16,PaidOff,D,515,20,Business,Toronto,17.48
L-00182,2023-01-03,2023-01,17320.21,PaidOff,B,656,85,Health,Toronto,14.14
L-00183,2023-01-01,2023-01,18834.08,PaidOff,A,755,83,Home,New York,20.39
L-00184,2023-01-09,2023-01,23678.95,Defaulted,C,544,59,Health,Lagos,21.33
L-00185,2023-01-12,2023-01,22226.43,Defaulted,D,580,35,Home,Lagos,18.58
L-00186,2023-01-06,2023-01,10125.54,Defaulted,D,575,25,Business,Nairobi,16.98
L-00187,2023-01-10,2023-01,15068.5,Defaulted,B,682,74,Home,Nairobi,13.32
L-00188,2023-01-15,2023-01,7434.52,Defaulted,D,633,43,Home,Toronto,22.62
L-00189,2023-01-18,2023-01,20082.01,PaidOff,B,621,75,Education,Lagos,21.64
L-00190,2023-01-15,2023-01,24312.48,Defaulted,D,542,38,Education,Nairobi,18.06
L-00191,2023-01-13,2023-01,7405.03,PaidOff,A,755,92,Home,London,24.84
L-00192,2023-01-22,2023-01,14608.28,PaidOff,B,617,78,Business,Nairobi,24.83
L-00193,2023-01-10,2023-01,19402.63,PaidOff,B,657,82,Education,Nairobi,17.37
L-00194,2023-01-25,2023-01,6936.94,PaidOff,B,608,61,Home,Toronto,23.85
L-00195,2023-02-11,2023-02,5696.63,PaidOff,A,802,100,Business,Nairobi,15.36
L-00196,2023-02-11,2023-02,22619.57,PaidOff,C,611,21,Health,Nairobi,24.45
L-00197,2023-02-06,2023-02,8038.57,Defaulted,D,568,43,Education,London,14.31
L-00198,2023-02-07,2023-02,9464.88,PaidOff,C,631,61,Health,New York,22.93
L-00199,2023-02-06,2023-02,6049.32,PaidOff,B,696,75,Home,Nairobi,11.24
L-00200,2023-02-15,2023-02,23472.26,PaidOff,A,738,89,Home,Toronto,13.82
L-00201,2023-02-12,2023-02,21402.59,Defaulted,D,532,51,Business,Toronto,20.04
L-00202,2023-02-24,2023-02,12657.44,Defaulted,C,592,28,Business,Toronto,22.41
L-00203,2023-02-19,2023-02,21085.13,PaidOff,B,681,65,Home,Nairobi,24.9
L-00204,2023-02-13,2023-02,15424.31,PaidOff,D,526,26,Business,Nairobi,12.44
L-00205,2023-02-06,2023-02,12866.15,Defaulted,C,552,26,Health,Nairobi,22.87
L-00206,2023-02-07,2023-02,6366.6,PaidOff,B,605,85,Home,London,16.34
L-00207,2023-02-22,2023-02,7779.13,PaidOff,B,639,66,Home,London,17.53
L-00208,2023-02-14,2023-02,15816.8,Defaulted,D,502,49,Education,Nairobi,17.15
L-00209,2023-02-06,2023-02,20440.97,PaidOff,D,541,21,Education,New York,11.87
L-00210,2023-03-21,2023-03,6884.9,PaidOff,B,701,81,Health,Nairobi,22.32
L-00211,2023-03-24,2023-03,13879.42,PaidOff,A,743,96,Business,New York,19.99
L-00212,2023-03-02,2023-03,24629.88,PaidOff,C,571,65,Business,Lagos,16.2
L-00213,2023-03-02,2023-03,21453.78,PaidOff,C,513,42,Business,London,17.32
L-00214,2023-03-25,2023-03,17864.62,PaidOff,A,708,98,Business,Nairobi,23.92
L-00215,2023-03-05,2023-03,21079.7,PaidOff,B,607,69,Home,Lagos,23.52
L-00216,2023-03-01,2023-03,9406.47,PaidOff,C,537,52,Education,Nairobi,15.55
L-00217,2023-03-02,2023-03,24043.44,PaidOff,C,515,62,Health,Toronto,23.55
L-00218,2023-03-02,2023-03,15878.21,Defaulted,D,523,16,Home,Lagos,21.41
L-00219,2023-03-05,2023-03,24056.37,PaidOff,D,611,40,Home,London,23.43
L-00220,2023-03-13,2023-03,12023.7,Defaulted,D,526,60,Education,New York,13.39
L-00221,2023-03-01,2023-03,20857.33,PaidOff,C,589,20,Home,New York,14.53
L-00222,2023-03-07,2023-03,5890.75,PaidOff,C,549,16,Education,New York,22.25
L-00223,2023-03-24,2023-03,24564.77,Defaulted,C,575,60,Business,Toronto,11.98
L-00224,2023-03-05,2023-03,21065.21,Defaulted,D,554,42,Health,Nairobi,10.22
L-00225,2023-04-20,2023-04,5708.46,PaidOff,B,689,76,Business,Toronto,22.77
L-00226,2023-04-07,2023-04,14117.63,PaidOff,A,837,80,Business,New York,22.9
L-00227,2023-04-06,2023-04,18458.35,PaidOff,C,507,19,Home,New York,20.47
L-00228,2023-04-04,2023-04,6678.78,Defaulted,B,673,60,Home,Nairobi,20.36
L-00229,2023-04-07,2023-04,23527.43,PaidOff,C,500,61,Education,Lagos,11.2
L-00230,2023-04-15,2023-04,15559.28,PaidOff,B,679,76,Business,Nairobi,21.65
L-00231,2023-04-08,2023-04,20882.74,PaidOff,D,593,12,Business,New York,11.13
L-00232,2023-04-13,2023-04,11768.29,Defaulted,D,542,51,Business,Toronto,22.57
L-00233,2023-04-05,2023-04,7455.57,PaidOff,D,633,18,Education,Nairobi,20.56
L-00234,2023-04-06,2023-04,19234.68,PaidOff,C,587,33,Education,Toronto,22.74
L-00235,2023-04-14,2023-04,24550.28,PaidOff,C,529,46,Health,New York,15.89
L-00236,2023-04-05,2023-04,16263.6,PaidOff,B,632,83,Education,New York,24.25
L-00237,2023-04-08,2023-04,14729.68,PaidOff,C,574,35,Education,Toronto,13.14
L-00238,2023-04-22,2023-04,20788.41,PaidOff,B,720,65,Health,Toronto,12.68
L-00239,2023-04-14,2023-04,17218.59,PaidOff,B,617,83,Education,New York,21.88
L-00240,2023-05-14,2023-05,18340.2,PaidOff,B,704,83,Home,New York,10.52
L-00241,2023-05-18,2023-05,16365.38,PaidOff,A,744,95,Home,Nairobi,20.52
L-00242,2023-05-10,2023-05,8921.18,Defaulted,D,558,62,Business,London,19.91
L-00243,2023-05-09,2023-05,22052.35,Defaulted,D,536,44,Health,New York,12.15
L-00244,2023-05-17,2023-05,14369.44,Defaulted,D,632,50,Education,Nairobi,14.61
L-00245,2023-05-16,2023-05,14914.03,PaidOff,C,648,22,Health,Toronto,23.31
L-00246,2023-05-25,2023-05,8224.46,Defaulted,D,599,65,Business,New York,18.8
L-00247,2023-05-08,2023-05,9504.5,Defaulted,D,546,15,Business,London,14.7
L-00248,2023-05-25,2023-05,10778.91,Defaulted,A,828,94,Business,Toronto,12.11
L-00249,2023-05-06,2023-05,10277.02,PaidOff,C,543,31,Home,Toronto,13.45
L-00250,2023-05-14,2023-05,12128.47,Defaulted,D,648,34,Health,Lagos,14.76
L-00251,2023-05-15,2023-05,15795.33,PaidOff,A,820,88,Health,Nairobi,22.88
L-00252,2023-05-16,2023-05,13977.03,PaidOff,B,631,74,Education,Nairobi,17.76
L-00253,2023-05-10,2023-05,17412.15,PaidOff,B,605,60,Home,Toronto,12.33
L-00254,2023-05-12,2023-05,10007.58,PaidOff,C,634,46,Health,Toronto,17.22
L-00255,2023-06-05,2023-06,8243.06,PaidOff,C,570,54,Health,Toronto,22.99
L-00256,2023-06-13,2023-06,22397.19,PaidOff,A,834,98,Home,Lagos,17.27
L-00257,2023-06-06,2023-06,22040.66,PaidOff,B,643,69,Education,New York,20.77
L-00258,2023-06-01,2023-06,15033.5,PaidOff,A,814,85,Health,Lagos,21.14
L-00259,2023-06-15,2023-06,6271.41,PaidOff,A,826,94,Home,New York,20.89
L-00260,2023-06-19,2023-06,24185.06,Defaulted,D,516,27,Home,Toronto,14.83
L-00261,2023-06-24,2023-06,22605.67,PaidOff,A,845,89,Education,Nairobi,20.19
L-00262,2023-06-12,2023-06,10931.24,PaidOff,A,779,100,Education,Toronto,14.59
L-00263,2023-06-23,2023-06,9618.62,Defaulted,C,644,63,Business,Lagos,12.01
L-00264,2023-06-16,2023-06,11230.9,PaidOff,C,621,35,Education,Toronto,24.94
L-00265,2023-06-07,2023-06,17442.67,Defaulted,C,632,23,Home,London,14.38
L-00266,2023-06-11,2023-06,18738.49,Defaulted,D,579,60,Business,Nairobi,15.18
L-00267,2023-06-21,2023-06,5815.73,PaidOff,A,810,99,Home,Lagos,16.16
L-00268,2023-06-09,2023-06,21001.99,Defaulted,D,535,19,Home,London,23.87
L-00269,2023-06-06,2023-06,20219.92,PaidOff,D,608,64,Business,Toronto,12.84
L-00270,2023-07-25,2023-07,22885.83,PaidOff,D,574,28,Business,Toronto,13.34
L-00271,2023-07-08,2023-07,21610.2,PaidOff,B,742,80,Education,London,12.21
L-00272,2023-07-05,2023-07,20412.26,Defaulted,D,558,58,Education,Lagos,23.1
L-00273,2023-07-14,2023-07,22543.25,PaidOff,C,610,16,Business,Lagos,24.47
L-00274,2023-07-21,2023-07,8107.59,PaidOff,A,803,94,Business,Toronto,18.49
L-00275,2023-07-23,2023-07,17649.12,PaidOff,A,835,98,Education,New York,14.3
L-00276,2023-07-25,2023-07,21783.68,Defaulted,D,636,46,Business,Lagos,23.56
L-00277,2023-07-01,2023-07,21669.88,PaidOff,B,654,68,Business,Nairobi,19.62
L-00278,2023-07-22,2023-07,12153.11,PaidOff,C,598,35,Home,Toronto,18.54
L-00279,2023-07-24,2023-07,10137.57,PaidOff,D,520,57,Health,New York,12.03
L-00280,2023-07-04,2023-07,21526.29,PaidOff,C,637,28,Home,Toronto,12.03
L-00281,2023-07-03,2023-07,5767.13,PaidOff,B,693,69,Education,Toronto,24.1
L-00282,2023-07-01,2023-07,13570.08,PaidOff,B,746,60,Business,Toronto,11.23
L-00283,2023-07-24,2023-07,6046.1,Defaulted,D,518,52,Health,London,17.87
L-00284,2023-07-12,2023-07,20256.81,Defaulted,D,540,39,Health,Nairobi,20.4
L-00285,2023-08-21,2023-08,15983.97,PaidOff,C,594,36,Education,Toronto,12.37
L-00286,2023-08-25,2023-08,8581.59,PaidOff,A,774,96,Education,Lagos,14.51
L-00287,2023-08-05,2023-08,12031.34,Defaulted,D,577,55,Health,Nairobi,20.54
L-00288,2023-08-09,2023-08,21070.6,PaidOff,C,536,39,Education,Toronto,13.04
L-00289,2023-08-04,2023-08,20326.15,Defaulted,B,725,83,Business,Nairobi,13.12
L-00290,2023-08-25,2023-08,23835.84,Defaulted,B,673,66,Home,Toronto,10.74
L-00291,2023-08-18,2023-08,11012.85,Defaulted,D,590,51,Business,London,15.23
L-00292,2023-08-01,2023-08,13076.88,PaidOff,B,644,76,Health,Nairobi,22.43
L-00293,2023-08-18,2023-08,18105.18,PaidOff,A,834,87,Health,New York,16.25
L-00294,2023-08-23,2023-08,18096.52,PaidOff,C,615,23,Education,Lagos,14.34
L-00295,2023-08-23,2023-08,21140.8,Defaulted,D,606,60,Health,Lagos,19.04
L-00296,2023-08-02,2023-08,21754.9,PaidOff,D,621,24,Education,Nairobi,11.91
L-00297,2023-08-23,2023-08,21443.27,PaidOff,C,542,31,Business,Nairobi,15.9
L-00298,2023-08-01,2023-08,13740.33,Defaulted,B,660,62,Business,Nairobi,16.46
L-00299,2023-08-20,2023-08,14418.94,PaidOff,C,606,40,Home,Nairobi,24.61
L-00300,2023-09-05,2023-09,13480.13,PaidOff,C,634,21,Education,Lagos,20.81
L-00301,2023-09-10,2023-09,19339.77,PaidOff,B,715,65,Home,Nairobi,22.59
L-00302,2023-09-06,2023-09,18380.99,PaidOff,D,523,11,Health,New York,17.44
L-00303,2023-09-06,2023-09,23051.85,Defaulted,D,526,19,Health,Nairobi,19.56
L-00304,2023-09-08,2023-09,12714.46,PaidOff,A,799,85,Health,London,12.54
L-00305,2023-09-08,2023-09,7591.38,PaidOff,B,672,68,Business,New York,17.47
L-00306,2023-09-01,2023-09,16968.99,PaidOff,B,708,79,Home,Nairobi,14.8
L-00307,2023-09-26,2023-09,16991.02,PaidOff,C,603,29,Home,Toronto,12.66
L-00308,2023-09-01,2023-09,21990.97,Defaulted,D,593,52,Home,New York,13.55
L-00309,2023-09-19,2023-09,8408.57,PaidOff,C,526,45,Home,Toronto,23.78
L-00310,2023-09-04,2023-09,11348.09,PaidOff,C,642,20,Business,London,10.39
L-00311,2023-09-26,2023-09,24471.65,Defaulted,C,615,32,Home,Toronto,18.95
L-00312,2023-09-08,2023-09,24800.71,PaidOff,C,622,44,Education,Nairobi,24.85
L-00313,2023-09-16,2023-09,24447.45,PaidOff,D,649,39,Home,London,15.41
L-00314,2023-09-07,2023-09,15708.49,Defaulted,D,571,13,Home,Lagos,18.38
L-00315,2023-10-18,2023-10,24860.29,PaidOff,A,760,80,Health,Toronto,13.41
L-00316,2023-10-09,2023-10,9913.52,PaidOff,C,630,35,Health,Lagos,19.49
L-00317,2023-10-10,2023-10,14567.35,PaidOff,A,743,80,Home,London,13.74
L-00318,2023-10-12,2023-10,19994.38,PaidOff,A,829,95,Business,Lagos,18.69
L-00319,2023-10-20,2023-10,22275.6,PaidOff,B,610,65,Home,Toronto,22.71
L-00320,2023-10-04,2023-10,10697.22,PaidOff,D,532,57,Home,New York,17.61
L-00321,2023-10-16,2023-10,21921.41,PaidOff,A,840,99,Business,Toronto,10.71
L-00322,2023-10-04,2023-10,5415.72,Defaulted,D,617,17,Education,Nairobi,16.81
L-00323,2023-10-25,2023-10,6299.65,PaidOff,A,826,80,Health,Lagos,12.67
L-00324,2023-10-07,2023-10,6568.12,PaidOff,C,548,31,Home,London,23.25
L-00325,2023-10-19,2023-10,13508.99,PaidOff,D,505,22,Home,London,18.59
L-00326,2023-10-10,2023-10,17883.06,PaidOff,B,692,71,Education,Lagos,11.89
L-00327,2023-10-06,2023-10,5838.85,PaidOff,B,748,74,Education,New York,14.56
L-00328,2023-10-13,2023-10,22524.59,PaidOff,B,624,66,Business,Toronto,10.76
L-00329,2023-10-26,2023-10,13329.91,PaidOff,A,702,86,Education,Lagos,20.05
L-00330,2023-11-02,2023-11,6387.47,PaidOff,C,645,21,Home,Toronto,22.14
L-00331,2023-11-04,2023-11,21334.51,PaidOff,A,741,82,Business,Lagos,16.44
L-00332,2023-11-08,2023-11,11342.92,Defaulted,C,556,59,Business,London,20.2
L-00333,2023-11-14,2023-11,12426.39,PaidOff,D,574,36,Home,Nairobi,22.46
L-00334,2023-11-13,2023-11,7230.43,PaidOff,B,634,71,Health,Nairobi,13.62
L-00335,2023-11-20,2023-11,24312.81,PaidOff,C,650,31,Health,New York,24.46
L-00336,2023-11-20,2023-11,21072.33,Defaulted,C,636,22,Education,London,17.35
L-00337,2023-11-03,2023-11,6778.74,PaidOff,B,683,79,Business,London,21.58
L-00338,2023-11-17,2023-11,5205.9,PaidOff,D,579,45,Home,Nairobi,18.38
L-00339,2023-11-02,2023-11,18194.9,PaidOff,B,689,61,Business,Lagos,21.72
L-00340,2023-11-08,2023-11,9347.94,Defaulted,C,644,47,Home,Toronto,14.19
L-00341,2023-11-11,2023-11,11490.98,PaidOff,B,638,83,Health,Lagos,13.46
L-00342,2023-11-24,2023-11,12774.07,PaidOff,C,637,52,Health,Lagos,21.69
L-00343,2023-11-16,2023-11,21955.5,Defaulted,C,601,32,Health,London,15.23
L-00344,2023-11-15,2023-11,10866.65,PaidOff,A,786,88,Home,New York,16.17
L-00345,2023-12-15,2023-12,8917.22,PaidOff,C,579,32,Education,Toronto,23.97
L-00346,2023-12-21,2023-12,12648.23,PaidOff,A,836,93,Health,London,19.05
L-00347,2023-12-21,2023-12,23000.85,Defaulted,D,627,27,Home,Toronto,21.8
L-00348,2023-12-11,2023-12,19561.46,PaidOff,D,570,64,Education,Nairobi,13.88
L-00349,2023-12-13,2023-12,19177.95,PaidOff,A,832,99,Health,Lagos,12.48
L-00350,2023-12-14,2023-12,8509.09,PaidOff,A,742,90,Health,New York,12.6
L-00351,2023-12-07,2023-12,21766.18,Defaulted,D,567,41,Home,Lagos,21.55
L-00352,2023-12-23,2023-12,14701.0,PaidOff,C,603,36,Health,London,10.68
L-00353,2023-12-08,2023-12,13817.93,PaidOff,B,667,76,Business,Nairobi,11.29
L-00354,2023-12-19,2023-12,8357.83,Defaulted,C,616,48,Home,Nairobi,17.63
L-00355,2023-12-15,2023-12,12556.69,PaidOff,A,781,99,Health,New York,10.64
L-00356,2023-12-20,2023-12,24259.32,PaidOff,B,691,66,Education,London,12.35
L-00357,2023-12-06,2023-12,16499.84,PaidOff,D,590,29,Business,New York,19.07
L-00358,2023-12-13,2023-12,5055.68,Defaulted,B,620,71,Business,Toronto,22.03
L-00359,2023-12-12,2023-12,17182.45,Defaulted,C,631,38,Education,New York,10.72
L-00360,2024-01-26,2024-01,10082.04,PaidOff,D,589,27,Business,London,24.81
L-00361,2024-01-01,2024-01,19243.2,PaidOff,A,746,88,Education,Toronto,12.25
L-00362,2024-01-11,2024-01,6092.98,Defaulted,D,600,52,Education,New York,17.72
L-00363,2024-01-25,2024-01,22353.17,PaidOff,B,669,85,Home,London,17.89
L-00364,2024-01-01,2024-01,14851.9,PaidOff,A,744,98,Health,Toronto,18.94
L-00365,2024-01-16,2024-01,9471.3,Defaulted,B,632,85,Business,Nairobi,21.27
L-00366,2024-01-22,2024-01,20095.24,PaidOff,B,727,78,Home,Nairobi,20.38
L-00367,2024-01-15,2024-01,16862.66,PaidOff,C,609,19,Home,Toronto,16.51
L-00368,2024-01-24,2024-01,16229.54,PaidOff,B,658,68,Home,London,24.48
L-00369,2024-01-10,2024-01,5998.81,PaidOff,D,504,34,Health,Nairobi,13.41
L-00370,2024-01-24,2024-01,11596.07,PaidOff,B,709,64,Business,New York,13.81
L-00371,2024-01-21,2024-01,20674.25,PaidOff,C,545,13,Business,London,16.29
L-00372,2024-01-03,2024-01,21105.21,PaidOff,B,722,68,Education,Nairobi,14.36
L-00373,2024-01-06,2024-01,11398.2,PaidOff,A,743,83,Health,Nairobi,10.77
L-00374,2024-01-21,2024-01,12277.36,Defaulted,C,561,55,Education,Lagos,12.22
L-00375,2024-02-25,2024-02,19447.43,Defaulted,C,588,39,Education,Nairobi,17.35
L-00376,2024-02-20,2024-02,5753.92,PaidOff,B,686,71,Home,Lagos,13.52
L-00377,2024-02-11,2024-02,19587.9,PaidOff,B,736,60,Education,Lagos,22.56
L-00378,2024-02-16,2024-02,14745.12,PaidOff,D,610,15,Home,Toronto,23.88
L-00379,2024-02-16,2024-02,14392.0,PaidOff,A,713,97,Health,New York,16.73
L-00380,2024-02-16,2024-02,16105.46,PaidOff,A,782,89,Health,New York,14.46
L-00381,2024-02-11,2024-02,9998.36,PaidOff,B,662,69,Health,Toronto,12.27
L-00382,2024-02-16,2024-02,18328.99,Defaulted,D,597,35,Business,Nairobi,10.64
L-00383,2024-02-07,2024-02,18451.27,PaidOff,A,822,90,Health,Toronto,21.04
L-00384,2024-02-22,2024-02,14054.59,PaidOff,A,752,97,Business,London,11.54
L-00385,2024-02-21,2024-02,9229.54,PaidOff,A,704,88,Home,New York,22.1
L-00386,2024-02-07,2024-02,24327.18,PaidOff,B,601,74,Home,London,10.92
L-00387,2024-02-23,2024-02,21072.8,PaidOff,B,672,83,Home,Nairobi,18.2
L-00388,2024-02-07,2024-02,22210.64,PaidOff,D,644,37,Health,Toronto,15.9
L-00389,2024-02-08,2024-02,7773.63,PaidOff,C,628,15,Education,Lagos,22.26
L-00390,2024-03-25,2024-03,21321.17,PaidOff,C,620,18,Business,Toronto,13.24
L-00391,2024-03-21,2024-03,10008.86,PaidOff,A,808,91,Education,Toronto,20.08
L-00392,2024-03-20,2024-03,9512.81,PaidOff,D,538,15,Home,London,19.66
L-00393,2024-03-01,2024-03,20163.66,Defaulted,D,615,15,Education,New York,20.83
L-00394,2024-03-10,2024-03,11450.25,PaidOff,C,614,25,Health,Toronto,17.61
L-00395,2024-03-13,2024-03,10514.09,PaidOff,C,648,43,Business,London,24.46
L-00396,2024-03-15,2024-03,5838.22,PaidOff,D,600,39,Health,Lagos,16.6
L-00397,2024-03-14,2024-03,10284.95,PaidOff,D,606,13,Education,Toronto,21.5
L-00398,2024-03-02,2024-03,15580.94,PaidOff,B,722,84,Health,Lagos,21.84
L-00399,2024-03-18,2024-03,7706.32,PaidOff,A,721,100,Business,Toronto,12.83
L-00400,2024-03-08,2024-03,20854.02,PaidOff,C,548,49,Business,Nairobi,13.64
L-00401,2024-03-04,2024-03,19933.13,PaidOff,B,702,63,Business,New York,12.2
L-00402,2024-03-25,2024-03,15434.09,PaidOff,B,658,75,Business,Lagos,24.14
L-00403,2024-03-07,2024-03,12805.91,PaidOff,B,746,61,Business,Nairobi,11.46
L-00404,2024-03-05,2024-03,6190.96,PaidOff,B,725,70,Education,London,19.66
L-00405,2024-04-07,2024-04,5125.68,PaidOff,C,546,37,Home,Toronto,10.62
L-00406,2024-04-22,2024-04,11708.91,PaidOff,C,555,39,Business,New York,16.47
L-00407,2024-04-21,2024-04,21408.67,PaidOff,B,736,84,Home,Lagos,20.68
L-00408,2024-04-20,2024-04,5324.81,PaidOff,C,518,16,Home,Lagos,13.9
L-00409,2024-04-04,2024-04,6622.66,PaidOff,A,818,91,Education,Nairobi,18.81
L-00410,2024-04-01,2024-04,10932.32,PaidOff,B,744,60,Business,New York,24.03
L-00411,2024-04-20,2024-04,14083.19,PaidOff,B,649,73,Business,Lagos,14.08
L-00412,2024-04-17,2024-04,10324.1,PaidOff,C,524,44,Home,New York,20.78
L-00413,2024-04-16,2024-04,21611.27,PaidOff,A,779,84,Education,New York,10.28
L-00414,2024-04-02,2024-04,23348.43,PaidOff,D,583,23,Home,London,13.2
L-00415,2024-04-24,2024-04,14502.51,PaidOff,A,794,92,Health,London,16.46
L-00416,2024-04-14,2024-04,10806.6,PaidOff,A,784,88,Education,London,16.94
L-00417,2024-04-06,2024-04,19737.79,PaidOff,B,601,72,Home,New York,12.56
L-00418,2024-04-23,2024-04,15020.16,PaidOff,D,566,41,Education,London,20.17
L-00419,2024-04-17,2024-04,21248.0,PaidOff,D,533,46,Education,Nairobi,16.49
L-00420,2024-05-06,2024-05,23768.77,PaidOff,C,506,53,Health,Nairobi,21.68
L-00421,2024-05-15,2024-05,7392.19,PaidOff,C,505,39,Business,New York,13.72
L-00422,2024-05-17,2024-05,14942.05,Defaulted,D,597,25,Home,Toronto,10.97
L-00423,2024-05-12,2024-05,8958.65,PaidOff,C,581,54,Education,Toronto,22.0
L-00424,2024-05-09,2024-05,24112.38,Defaulted,D,545,11,Health,Toronto,17.38
L-00425,2024-05-13,2024-05,19761.18,PaidOff,A,811,83,Home,Nairobi,24.65
L-00426,2024-05-26,2024-05,9023.82,PaidOff,B,683,60,Education,New York,21.66
L-00427,2024-05-12,2024-05,8034.34,PaidOff,B,600,65,Business,Lagos,14.69
L-00428,2024-05-16,2024-05,9172.57,PaidOff,B,687,71,Education,New York,14.95
L-00429,2024-05-25,2024-05,18660.61,PaidOff,A,774,81,Education,Nairobi,13.51
L-00430,2024-05-06,2024-05,5056.11,PaidOff,B,687,69,Business,New York,23.69
L-00431,2024-05-04,2024-05,12206.39,PaidOff,C,639,40,Business,New York,22.58
L-00432,2024-05-20,2024-05,11762.45,Defaulted,C,554,29,Home,Toronto,24.78
L-00433,2024-05-16,2024-05,24497.19,PaidOff,A,805,95,Business,London,11.63
L-00434,2024-05-11,2024-05,13816.42,PaidOff,B,687,75,Home,Lagos,10.3
L-00435,2024-06-13,2024-06,23167.61,PaidOff,D,573,62,Health,Nairobi,13.48
L-00436,2024-06-20,2024-06,10974.66,Defaulted,C,504,30,Health,New York,11.23
L-00437,2024-06-16,2024-06,23060.72,PaidOff,C,603,12,Home,Toronto,20.98
L-00438,2024-06-14,2024-06,10016.4,PaidOff,A,816,80,Home,Nairobi,23.13
L-00439,2024-06-13,2024-06,20224.29,PaidOff,C,589,52,Business,Nairobi,21.18
L-00440,2024-06-15,2024-06,22316.43,PaidOff,A,783,87,Health,New York,17.07
L-00441,2024-06-26,2024-06,16015.8,PaidOff,C,594,36,Business,Nairobi,15.76
L-00442,2024-06-04,2024-06,5802.59,Defaulted,D,531,54,Education,Toronto,24.67
L-00443,2024-06-04,2024-06,5821.99,PaidOff,B,669,74,Business,New York,12.74
L-00444,2024-06-07,2024-06,9886.96,PaidOff,B,615,73,Education,Nairobi,15.54
L-00445,2024-06-03,2024-06,14323.76,PaidOff,A,848,93,Health,New York,13.46
L-00446,2024-06-20,2024-06,17830.16,PaidOff,B,747,68,Education,Nairobi,21.71
L-00447,2024-06-17,2024-06,10431.86,PaidOff,A,774,88,Business,London,10.75
L-00448,2024-06-24,2024-06,23221.45,PaidOff,B,638,62,Business,Nairobi,18.82
L-00449,2024-06-04,2024-06,10812.36,PaidOff,A,849,87,Home,Toronto,11.55
L-00450,2024-07-04,2024-07,24276.66,Defaulted,C,614,16,Health,New York,17.69
L-00451,2024-07-24,2024-07,16745.4,PaidOff,B,607,65,Business,Lagos,13.98
L-00452,2024-07-14,2024-07,12344.91,PaidOff,B,662,65,Education,Lagos,24.08
L-00453,2024-07-04,2024-07,18429.06,PaidOff,B,712,82,Education,Toronto,12.54
L-00454,2024-07-08,2024-07,18207.89,PaidOff,D,514,27,Education,Nairobi,13.39
L-00455,2024-07-05,2024-07,16197.36,PaidOff,C,579,59,Business,Nairobi,11.3
L-00456,2024-07-10,2024-07,18323.3,PaidOff,A,735,94,Health,Toronto,14.47
L-00457,2024-07-20,2024-07,10070.68,PaidOff,D,561,59,Business,New York,20.82
L-00458,2024-07-05,2024-07,10637.77,PaidOff,A,772,86,Education,New York,21.67
L-00459,2024-07-08,2024-07,6056.92,PaidOff,A,766,83,Education,Lagos,18.31
L-00460,2024-07-13,2024-07,18049.52,PaidOff,A,823,98,Home,New York,19.21
L-00461,2024-07-18,2024-07,13090.9,PaidOff,A,786,81,Health,New York,12.31
L-00462,2024-07-05,2024-07,15012.35,Defaulted,D,584,19,Home,Lagos,24.49
L-00463,2024-07-16,2024-07,24765.72,PaidOff,A,771,96,Education,New York,17.4
L-00464,2024-07-18,2024-07,20805.52,PaidOff,C,621,24,Education,Nairobi,19.79
L-00465,2024-08-10,2024-08,13932.73,PaidOff,C,501,64,Education,London,21.67
L-00466,2024-08-25,2024-08,15555.86,PaidOff,D,619,17,Business,Nairobi,15.31
L-00467,2024-08-03,2024-08,8127.39,PaidOff,A,714,85,Education,Lagos,10.63
L-00468,2024-08-19,2024-08,14781.51,Defaulted,A,807,95,Education,Toronto,20.12
L-00469,2024-08-23,2024-08,14127.08,PaidOff,C,519,32,Home,New York,10.99
L-00470,2024-08-02,2024-08,14899.99,PaidOff,C,630,26,Education,Toronto,17.73
L-00471,2024-08-22,2024-08,7283.2,PaidOff,B,605,60,Business,Nairobi,17.51
L-00472,2024-08-08,2024-08,17934.19,PaidOff,A,820,88,Health,Toronto,10.94
L-00473,2024-08-16,2024-08,22081.71,PaidOff,A,838,89,Business,London,23.2
L-00474,2024-08-18,2024-08,11752.11,PaidOff,C,537,65,Business,Lagos,21.72
L-00475,2024-08-16,2024-08,16847.07,PaidOff,D,540,28,Health,Nairobi,17.49
L-00476,2024-08-13,2024-08,18028.25,PaidOff,A,748,86,Education,Toronto,23.25
L-00477,2024-08-25,2024-08,5824.71,PaidOff,D,517,41,Health,London,22.72
L-00478,2024-08-09,2024-08,9365.14,Defaulted,B,704,65,Business,New York,10.03
L-00479,2024-08-26,2024-08,20434.33,PaidOff,B,735,83,Business,New York,22.3
L-00480,2024-09-20,2024-09,21931.21,PaidOff,A,810,99,Home,New York,20.97
L-00481,2024-09-22,2024-09,22962.72,PaidOff,A,803,85,Education,Lagos,10.19
L-00482,2024-09-18,2024-09,12344.34,PaidOff,A,768,85,Business,Nairobi,19.52
L-00483,2024-09-10,2024-09,16864.1,PaidOff,D,503,22,Business,London,13.56
L-00484,2024-09-15,2024-09,12210.29,PaidOff,A,739,87,Education,Nairobi,21.74
L-00485,2024-09-21,2024-09,9957.21,PaidOff,C,568,23,Business,Toronto,24.54
L-00486,2024-09-14,2024-09,11370.37,PaidOff,B,621,70,Education,London,22.48
L-00487,2024-09-07,2024-09,18142.04,PaidOff,B,715,70,Home,Nairobi,10.66
L-00488,2024-09-04,2024-09,11100.31,PaidOff,B,646,74,Home,New York,17.28
L-00489,2024-09-03,2024-09,11555.16,PaidOff,B,651,69,Education,Toronto,18.67
L-00490,2024-09-15,2024-09,7978.11,PaidOff,D,542,56,Home,Toronto,20.89
L-00491,2024-09-15,2024-09,19241.25,PaidOff,A,834,81,Business,Toronto,14.25
L-00492,2024-09-24,2024-09,13679.26,PaidOff,B,708,70,Health,New York,14.28
L-00493,2024-09-17,2024-09,17981.08,PaidOff,D,615,37,Health,Lagos,20.85
L-00494,2024-09-02,2024-09,5236.97,PaidOff,A,834,82,Business,New York,12.69
L-00495,2024-10-17,2024-10,11035.72,PaidOff,B,736,76,Health,New York,10.83
L-00496,2024-10-19,2024-10,20341.71,PaidOff,B,701,84,Health,New York,13.6
L-00497,2024-10-09,2024-10,20591.77,PaidOff,B,687,73,Health,Lagos,17.14
L-00498,2024-10-04,2024-10,10545.11,PaidOff,C,646,60,Business,Toronto,23.59
L-00499,2024-10-13,2024-10,14719.53,PaidOff,D,576,55,Home,Nairobi,23.35
L-00500,2024-10-10,2024-10,15529.66,PaidOff,C,650,35,Education,New York,15.49
L-00501,2024-10-04,2024-10,10142.84,PaidOff,D,596,59,Business,Toronto,24.08
L-00502,2024-10-17,2024-10,18421.17,PaidOff,C,607,43,Home,Nairobi,20.3
L-00503,2024-10-02,2024-10,9533.41,PaidOff,A,740,98,Health,Toronto,22.65
L-00504,2024-10-06,2024-10,16750.08,PaidOff,A,842,89,Health,Toronto,17.3
L-00505,2024-10-10,2024-10,17944.76,PaidOff,C,506,50,Home,Nairobi,17.82
L-00506,2024-10-07,2024-10,16825.37,PaidOff,B,684,84,Home,London,18.51
L-00507,2024-10-08,2024-10,8540.73,PaidOff,B,696,77,Health,London,17.02
L-00508,2024-10-06,2024-10,15366.56,PaidOff,B,729,75,Home,New York,13.0
L-00509,2024-10-23,2024-10,5105.66,PaidOff,C,543,35,Education,London,23.97
L-00510,2024-11-08,2024-11,13795.72,PaidOff,C,599,35,Business,Toronto,18.48
L-00511,2024-11-04,2024-11,5783.44,PaidOff,B,610,64,Education,Lagos,19.96
L-00512,2024-11-07,2024-11,17146.41,PaidOff,A,806,83,Health,Nairobi,24.73
L-00513,2024-11-23,2024-11,14655.6,Defaulted,D,613,45,Education,Lagos,10.44
L-00514,2024-11-24,2024-11,7976.72,PaidOff,A,741,90,Education,Lagos,19.9
L-00515,2024-11-20,2024-11,8082.46,Defaulted,D,611,24,Business,Toronto,14.4
L-00516,2024-11-06,2024-11,20309.51,PaidOff,D,567,23,Home,Lagos,12.34
L-00517,2024-11-11,2024-11,12017.58,PaidOff,A,781,87,Home,Nairobi,11.18
L-00518,2024-11-09,2024-11,24018.89,PaidOff,A,821,89,Business,London,11.03
L-00519,2024-11-01,2024-11,24407.29,Defaulted,D,645,26,Business,London,19.82
L-00520,2024-11-23,2024-11,9961.18,PaidOff,D,623,34,Health,New York,21.98
L-00521,2024-11-14,2024-11,15269.31,PaidOff,C,527,30,Home,London,13.05
L-00522,2024-11-08,2024-11,12251.1,PaidOff,C,533,59,Home,Nairobi,15.47
L-00523,2024-11-04,2024-11,16965.2,PaidOff,B,699,73,Health,Nairobi,10.65
L-00524,2024-11-08,2024-11,15669.95,PaidOff,C,545,62,Health,Toronto,11.81
L-00525,2024-12-16,2024-12,22834.74,PaidOff,D,536,46,Education,Toronto,16.33
L-00526,2024-12-25,2024-12,6301.25,PaidOff,D,605,16,Health,Toronto,14.45
L-00527,2024-12-08,2024-12,9538.03,PaidOff,A,765,80,Business,New York,23.17
L-00528,2024-12-13,2024-12,7330.1,PaidOff,D,586,17,Health,Nairobi,16.04
L-00529,2024-12-15,2024-12,6493.96,PaidOff,C,503,60,Education,New York,14.28
L-00530,2024-12-04,2024-12,22961.12,Defaulted,C,648,54,Education,Lagos,20.79
L-00531,2024-12-15,2024-12,13359.11,PaidOff,C,575,34,Health,London,21.53
L-00532,2024-12-13,2024-12,13285.81,PaidOff,A,807,96,Business,New York,18.66
L-00533,2024-12-07,2024-12,20703.58,Defaulted,D,529,43,Education,Lagos,19.35
L-00534,2024-12-19,2024-12,9970.57,PaidOff,B,742,71,Education,Lagos,12.79
L-00535,2024-12-21,2024-12,23740.9,PaidOff,B,735,81,Health,London,15.23
L-00536,2024-12-09,2024-12,19483.78,PaidOff,B,704,85,Education,New York,24.0
L-00537,2024-12-18,2024-12,5962.78,Defaulted,C,554,56,Education,New York,12.6
L-00538,2024-12-26,2024-12,18366.39,Defaulted,D,618,63,Health,New York,15.5
L-00539,2024-12-04,2024-12,9586.06,PaidOff,C,540,42,Home,Toronto,19.97
L-00540,2025-01-06,2025-01,19317.42,PaidOff,B,625,80,Home,London,17.25
L-00541,2025-01-07,2025-01,16327.94,PaidOff,C,576,55,Health,London,16.0
L-00542,2025-01-24,2025-01,10930.8,PaidOff,A,700,80,Health,Nairobi,16.53
L-00543,2025-01-05,2025-01,23901.74,PaidOff,B,628,70,Health,New York,19.87
L-00544,2025-01-03,2025-01,7899.76,PaidOff,A,725,93,Health,Toronto,21.72
L-00545,2025-01-14,2025-01,14443.55,PaidOff,B,729,72,Education,London,11.21
L-00546,2025-01-25,2025-01,18445.12,PaidOff,B,699,84,Business,Nairobi,12.05
L-00547,2025-01-06,2025-01,11548.51,PaidOff,A,814,95,Home,Nairobi,11.27
L-00548,2025-01-11,2025-01,14810.77,PaidOff,C,548,31,Health,Nairobi,22.04
L-00549,2025-01-13,2025-01,12272.86,PaidOff,C,527,49,Health,New York,11.83
L-00550,2025-01-20,2025-01,16060.95,PaidOff,B,663,60,Home,London,18.87
L-00551,2025-01-23,2025-01,9990.68,PaidOff,A,777,83,Business,New York,24.82
L-00552,2025-01-21,2025-01,9577.58,PaidOff,D,508,62,Health,Toronto,11.14
L-00553,2025-01-23,2025-01,19427.51,Defaulted,D,647,37,Education,New York,15.43
L-00554,2025-01-10,2025-01,14327.27,PaidOff,B,683,71,Home,London,24.68
L-00555,2025-02-26,2025-02,17786.04,PaidOff,C,503,49,Home,Nairobi,12.81
L-00556,2025-02-21,2025-02,9868.91,PaidOff,A,765,87,Business,London,12.86
L-00557,2025-02-16,2025-02,6377.49,PaidOff,C,541,55,Home,Toronto,20.21
L-00558,2025-02-16,2025-02,8653.4,PaidOff,D,547,49,Health,New York,18.08
L-00559,2025-02-21,2025-02,22453.44,PaidOff,B,600,74,Education,Lagos,10.77
L-00560,2025-02-11,2025-02,13379.86,PaidOff,A,725,87,Business,New York,19.38
L-00561,2025-02-03,2025-02,11952.12,Defaulted,D,578,12,Business,New York,24.64
L-00562,2025-02-05,2025-02,22091.24,PaidOff,B,728,78,Education,Lagos,16.95
L-00563,2025-02-03,2025-02,12618.57,PaidOff,C,584,54,Health,Nairobi,12.57
L-00564,2025-02-09,2025-02,7525.96,PaidOff,C,586,11,Home,Toronto,15.62
L-00565,2025-02-23,2025-02,5616.32,PaidOff,C,591,42,Education,Lagos,16.93
L-00566,2025-02-25,2025-02,18325.04,PaidOff,C,532,12,Business,New York,12.11
L-00567,2025-02-25,2025-02,6899.69,PaidOff,B,641,61,Home,Toronto,18.81
L-00568,2025-02-10,2025-02,18657.4,PaidOff,A,813,81,Education,London,17.62
L-00569,2025-02-09,2025-02,7662.72,PaidOff,A,763,89,Health,New York,19.47
L-00570,2025-03-18,2025-03,15155.76,PaidOff,C,556,10,Health,Lagos,14.17
L-00571,2025-03-12,2025-03,13533.12,PaidOff,A,834,100,Education,New York,17.17
L-00572,2025-03-19,2025-03,11979.68,PaidOff,A,746,82,Business,Toronto,18.22
L-00573,2025-03-22,2025-03,20241.19,Defaulted,D,620,26,Health,Toronto,11.59
L-00574,2025-03-13,2025-03,18917.1,PaidOff,D,534,17,Health,London,18.84
L-00575,2025-03-25,2025-03,8502.5,Defaulted,D,596,33,Home,Toronto,17.07
L-00576,2025-03-17,2025-03,18651.1,PaidOff,B,619,79,Health,Toronto,17.76
L-00577,2025-03-07,2025-03,9059.21,PaidOff,A,847,90,Health,Lagos,15.83
L-00578,2025-03-04,2025-03,11508.63,PaidOff,C,568,33,Health,London,15.11
L-00579,2025-03-05,2025-03,10565.66,PaidOff,B,737,80,Education,New York,17.1
L-00580,2025-03-02,2025-03,17886.14,PaidOff,C,623,65,Home,London,24.36
L-00581,2025-03-11,2025-03,17227.32,Defaulted,C,607,46,Business,Toronto,17.94
L-00582,2025-03-24,2025-03,21770.03,PaidOff,B,652,73,Business,Toronto,14.61
L-00583,2025-03-05,2025-03,11741.85,PaidOff,A,720,87,Health,Lagos,19.29
L-00584,2025-03-08,2025-03,19048.69,PaidOff,A,759,84,Home,Toronto,10.05
L-00585,2025-04-02,2025-04,6471.91,Defaulted,D,583,28,Health,Lagos,19.42
L-00586,2025-04-06,2025-04,17632.51,PaidOff,A,801,81,Business,London,17.55
L-00587,2025-04-02,2025-04,5540.84,PaidOff,A,700,100,Health,New York,24.93
L-00588,2025-04-06,2025-04,6051.52,PaidOff,C,615,16,Home,Nairobi,12.85
L-00589,2025-04-14,2025-04,13316.7,PaidOff,C,622,23,Business,New York,17.56
L-00590,2025-04-24,2025-04,22067.04,PaidOff,A,714,87,Home,Toronto,20.08
L-00591,2025-04-18,2025-04,20074.16,PaidOff,A,736,97,Health,Lagos,14.53
L-00592,2025-04-03,2025-04,12706.56,Defaulted,D,576,22,Education,New York,17.07
L-00593,2025-04-05,2025-04,11850.53,PaidOff,D,604,53,Business,Nairobi,23.32
L-00594,2025-04-22,2025-04,11372.3,PaidOff,B,706,72,Health,New York,12.71
L-00595,2025-04-21,2025-04,9601.72,PaidOff,A,777,80,Home,London,15.38
L-00596,2025-04-10,2025-04,19544.13,PaidOff,A,754,92,Home,Toronto,13.81
L-00597,2025-04-15,2025-04,14678.06,PaidOff,B,739,74,Business,New York,20.03
L-00598,2025-04-26,2025-04,10137.56,PaidOff,A,838,83,Home,London,16.32
L-00599,2025-04-26,2025-04,21381.51,PaidOff,A,796,81,Education,Lagos,14.15
L-00600,2025-05-12,2025-05,6955.79,PaidOff,B,716,82,Home,New York,11.38
L-00601,2025-05-05,2025-05,11085.26,PaidOff,A,713,91,Business,Nairobi,17.8
L-00602,2025-05-10,2025-05,9852.5,PaidOff,A,777,84,Home,Lagos,19.09
L-00603,2025-05-25,2025-05,23613.64,PaidOff,D,594,14,Health,London,19.57
L-00604,2025-05-15,2025-05,13836.47,PaidOff,C,546,52,Health,Lagos,20.73
L-00605,2025-05-08,2025-05,16705.82,PaidOff,B,708,84,Education,London,24.94
L-00606,2025-05-03,2025-05,11887.86,PaidOff,A,770,89,Business,Lagos,10.29
L-00607,2025-05-13,2025-05,9594.32,PaidOff,C,584,34,Education,Lagos,23.76
L-00608,2025-05-12,2025-05,5647.62,PaidOff,B,664,67,Education,New York,19.21
L-00609,2025-05-03,2025-05,24110.58,PaidOff,C,513,53,Education,New York,18.21
L-00610,2025-05-08,2025-05,7752.19,PaidOff,C,517,25,Health,Lagos,10.82
L-00611,2025-05-01,2025-05,8974.4,PaidOff,C,553,52,Home,London,11.8
L-00612,2025-05-02,2025-05,15959.99,PaidOff,B,646,78,Health,Nairobi,16.43
L-00613,2025-05-11,2025-05,7947.47,PaidOff,B,672,81,Business,New York,24.58
L-00614,2025-05-25,2025-05,11652.96,PaidOff,C,553,46,Health,New York,11.28
L-00615,2025-06-07,2025-06,12742.91,PaidOff,C,597,31,Health,Lagos,15.16
L-00616,2025-06-01,2025-06,10831.98,PaidOff,B,628,63,Business,New York,16.66
L-00617,2025-06-23,2025-06,16611.79,PaidOff,B,747,63,Business,New York,22.72
L-00618,2025-06-06,2025-06,20610.57,Defaulted,B,717,66,Business,Lagos,18.87
L-00619,2025-06-19,2025-06,14758.2,PaidOff,B,605,66,Health,Toronto,13.15
L-00620,2025-06-03,2025-06,12805.97,Defaulted,D,645,60,Health,Lagos,20.64
L-00621,2025-06-17,2025-06,20962.68,Defaulted,D,644,54,Home,Toronto,18.98
L-00622,2025-06-15,2025-06,19628.05,PaidOff,A,820,85,Home,New York,24.42
L-00623,2025-06-22,2025-06,5044.84,PaidOff,D,528,39,Education,Lagos,24.49
L-00624,2025-06-25,2025-06,13701.91,PaidOff,B,677,63,Health,Toronto,24.43
L-00625,2025-06-16,2025-06,7307.66,PaidOff,C,529,50,Education,Lagos,10.39
L-00626,2025-06-05,2025-06,5366.58,PaidOff,A,806,94,Home,Lagos,13.47
L-00627,2025-06-16,2025-06,20988.33,PaidOff,A,758,95,Health,Toronto,23.79
L-00628,2025-06-26,2025-06,21720.67,PaidOff,A,753,82,Business,Lagos,10.08
L-00629,2025-06-14,2025-06,15841.94,PaidOff,A,739,82,Education,Nairobi,16.56
L-00630,2025-07-09,2025-07,20353.71,PaidOff,A,804,100,Education,Toronto,15.8
L-00631,2025-07-09,2025-07,10747.24,PaidOff,B,635,85,Education,New York,16.4
L-00632,2025-07-01,2025-07,15940.81,PaidOff,B,625,84,Education,Lagos,21.87
L-00633,2025-07-18,2025-07,14891.53,PaidOff,C,537,29,Health,Lagos,18.08
L-00634,2025-07-04,2025-07,17292.75,PaidOff,A,787,83,Home,Toronto,11.36
L-00635,2025-07-26,2025-07,23719.52,PaidOff,A,750,92,Home,Nairobi,21.06
L-00636,2025-07-13,2025-07,15018.77,PaidOff,C,599,47,Education,Lagos,21.61
L-00637,2025-07-13,2025-07,23097.31,PaidOff,B,612,62,Education,Nairobi,12.84
L-00638,2025-07-02,2025-07,19648.07,Defaulted,B,647,70,Education,London,10.52
L-00639,2025-07-12,2025-07,18583.87,Defaulted,D,596,38,Business,Lagos,24.79
L-00640,2025-07-25,2025-07,11853.5,PaidOff,B,727,66,Education,New York,19.3
L-00641,2025-07-12,2025-07,19983.43,PaidOff,A,759,92,Health,Toronto,19.84
L-00642,2025-07-11,2025-07,13156.54,PaidOff,B,727,73,Home,Lagos,21.81
L-00643,2025-07-02,2025-07,8690.59,PaidOff,B,601,64,Business,London,14.11
L-00644,2025-07-02,2025-07,22652.31,PaidOff,B,679,62,Education,Nairobi,17.03
L-00645,2025-08-11,2025-08,9595.36,PaidOff,B,719,65,Business,London,20.9
L-00646,2025-08-08,2025-08,5881.93,PaidOff,A,845,99,Education,Toronto,19.15
L-00647,2025-08-22,2025-08,19220.94,PaidOff,A,820,86,Health,Toronto,11.3
L-00648,2025-08-24,2025-08,18877.14,PaidOff,B,749,83,Home,London,19.62
L-00649,2025-08-14,2025-08,21011.04,PaidOff,A,825,93,Business,Lagos,12.15
L-00650,2025-08-12,2025-08,5961.17,PaidOff,B,638,78,Business,Toronto,22.8
L-00651,2025-08-21,2025-08,5444.53,PaidOff,A,789,100,Business,Toronto,22.48
L-00652,2025-08-16,2025-08,7083.51,PaidOff,A,772,82,Home,London,18.37
L-00653,2025-08-23,2025-08,17880.24,PaidOff,B,651,79,Education,Nairobi,15.84
L-00654,2025-08-08,2025-08,23459.01,Defaulted,B,688,69,Education,Lagos,11.84
L-00655,2025-08-17,2025-08,22076.9,PaidOff,B,681,68,Home,New York,23.82
L-00656,2025-08-13,2025-08,16624.38,PaidOff,C,527,59,Home,Nairobi,13.62
L-00657,2025-08-21,2025-08,6946.66,PaidOff,B,631,81,Health,Nairobi,23.22
L-00658,2025-08-21,2025-08,24641.23,PaidOff,A,825,84,Health,Toronto,24.9
L-00659,2025-08-01,2025-08,20435.38,PaidOff,D,615,55,Education,Nairobi,16.25
L-00660,2025-09-03,2025-09,20698.04,PaidOff,C,576,51,Health,London,19.13
L-00661,2025-09-02,2025-09,12669.1,Defaulted,D,606,12,Business,Nairobi,14.1
L-00662,2025-09-01,2025-09,13879.78,PaidOff,C,515,37,Health,New York,23.63
L-00663,2025-09-04,2025-09,13953.06,Defaulted,D,554,37,Home,Toronto,23.91
L-00664,2025-09-13,2025-09,19120.97,PaidOff,C,524,53,Health,London,17.19
L-00665,2025-09-11,2025-09,19739.81,Defaulted,C,615,50,Business,London,24.35
L-00666,2025-09-05,2025-09,10190.82,PaidOff,B,701,76,Home,Nairobi,21.93
L-00667,2025-09-09,2025-09,24388.15,PaidOff,A,757,80,Health,New York,11.95
L-00668,2025-09-04,2025-09,11140.66,PaidOff,C,510,14,Education,New York,24.82
L-00669,2025-09-25,2025-09,6153.2,PaidOff,B,716,77,Business,Toronto,10.68
L-00670,2025-09-14,2025-09,7412.34,PaidOff,A,776,91,Health,Nairobi,23.12
L-00671,2025-09-05,2025-09,6598.98,Defaulted,D,641,20,Home,Toronto,20.05
L-00672,2025-09-17,2025-09,13386.31,Defaulted,D,609,26,Education,New York,14.83
L-00673,2025-09-08,2025-09,20963.17,PaidOff,C,562,44,Home,Toronto,22.17
L-00674,2025-09-13,2025-09,20543.27,PaidOff,C,501,40,Education,Toronto,18.64
L-00675,2025-10-12,2025-10,21094.34,PaidOff,A,849,95,Education,New York,11.49
L-00676,2025-10-08,2025-10,8795.59,PaidOff,A,787,89,Business,Toronto,12.25
L-00677,2025-10-04,2025-10,6992.5,PaidOff,A,829,93,Health,New York,19.1
L-00678,2025-10-06,2025-10,20911.5,PaidOff,B,730,82,Home,New York,10.11
L-00679,2025-10-17,2025-10,5406.69,Defaulted,D,526,63,Home,London,12.61
L-00680,2025-10-12,2025-10,21140.49,PaidOff,A,748,87,Home,Toronto,13.78
L-00681,2025-10-19,2025-10,16357.41,PaidOff,B,714,65,Health,Lagos,21.22
L-00682,2025-10-02,2025-10,18516.25,PaidOff,C,590,55,Home,Nairobi,15.39
L-00683,2025-10-05,2025-10,12060.33,PaidOff,C,550,41,Health,Nairobi,16.94
L-00684,2025-10-24,2025-10,21021.66,PaidOff,B,644,80,Education,London,10.07
L-00685,2025-10-18,2025-10,15453.01,PaidOff,A,810,82,Home,Lagos,19.61
L-00686,2025-10-26,2025-10,9003.07,PaidOff,A,797,98,Home,New York,16.21
L-00687,2025-10-04,2025-10,14018.68,PaidOff,B,622,82,Business,Toronto,11.58
L-00688,2025-10-05,2025-10,17990.87,PaidOff,A,701,99,Health,Lagos,21.6
L-00689,2025-10-20,2025-10,17863.19,PaidOff,A,811,90,Health,Lagos,21.46
L-00690,2025-11-10,2025-11,18764.69,PaidOff,B,738,78,Business,Nairobi,13.99
L-00691,2025-11-01,2025-11,24464.9,PaidOff,A,824,83,Home,Nairobi,20.17
L-00692,2025-11-04,2025-11,18979.48,Defaulted,B,691,60,Education,Toronto,11.47
L-00693,2025-11-11,2025-11,10717.67,PaidOff,C,535,16,Home,Lagos,18.94
L-00694,2025-11-16,2025-11,23393.05,PaidOff,D,556,30,Business,Toronto,19.84
L-00695,2025-11-09,2025-11,10950.83,PaidOff,B,671,61,Health,London,10.96
L-00696,2025-11-01,2025-11,6807.42,PaidOff,C,523,52,Home,London,18.74
L-00697,2025-11-10,2025-11,19807.63,PaidOff,C,612,49,Education,Toronto,19.11
L-00698,2025-11-16,2025-11,10947.42,Defaulted,C,611,51,Business,Nairobi,12.36
L-00699,2025-11-08,2025-11,6890.79,PaidOff,A,726,80,Health,New York,14.25
L-00700,2025-11-05,2025-11,10093.78,PaidOff,A,745,86,Business,London,20.67
L-00701,2025-11-01,2025-11,23077.84,PaidOff,A,794,94,Home,Nairobi,20.66
L-00702,2025-11-14,2025-11,8734.94,PaidOff,A,764,91,Business,New York,21.76
L-00703,2025-11-03,2025-11,8230.41,Defaulted,C,555,20,Health,Toronto,20.15
L-00704,2025-11-21,2025-11,13779.17,PaidOff,A,789,84,Education,Nairobi,18.51
L-00705,2025-12-22,2025-12,13977.65,PaidOff,C,627,48,Health,New York,10.87
L-00706,2025-12-13,2025-12,21928.88,Defaulted,B,709,75,Education,New York,10.05
L-00707,2025-12-25,2025-12,19403.82,Defaulted,B,691,78,Health,Toronto,19.02
L-00708,2025-12-17,2025-12,21901.74,PaidOff,C,569,16,Education,London,16.61
L-00709,2025-12-19,2025-12,16882.5,PaidOff,D,555,65,Education,Toronto,21.6
L-00710,2025-12-04,2025-12,9858.74,PaidOff,A,723,89,Home,New York,13.6
L-00711,2025-12-12,2025-12,12308.88,PaidOff,B,651,76,Home,Nairobi,21.48
L-00712,2025-12-18,2025-12,19356.14,PaidOff,C,514,17,Business,Toronto,15.65
L-00713,2025-12-12,2025-12,6645.47,PaidOff,C,565,10,Business,Toronto,24.13
L-00714,2025-12-04,2025-12,14193.26,PaidOff,A,794,80,Home,Lagos,16.49
L-00715,2025-12-04,2025-12,19901.98,PaidOff,B,692,83,Health,Toronto,12.06
L-00716,2025-12-16,2025-12,18231.63,PaidOff,B,604,75,Home,Nairobi,15.44
L-00717,2025-12-06,2025-12,7153.79,Defaulted,D,503,40,Business,Nairobi,23.17
L-00718,2025-12-06,2025-12,5218.8,PaidOff,A,824,85,Health,Toronto,23.95
L-00719,2025-12-05,2025-12,10371.25,Defaulted,D,587,19,Business,New York,10.7
L-00720,2026-01-06,2026-01,20793.9,PaidOff,C,648,52,Business,London,16.87
L-00721,2026-01-07,2026-01,7546.97,PaidOff,A,740,95,Health,Nairobi,17.44
L-00722,2026-01-23,2026-01,24771.54,PaidOff,A,771,96,Health,New York,20.53
L-00723,2026-01-13,2026-01,11738.0,PaidOff,C,587,24,Home,London,24.41
L-00724,2026-01-23,2026-01,21390.08,PaidOff,C,607,15,Education,London,16.1
L-00725,2026-01-17,2026-01,5768.96,PaidOff,D,639,10,Home,Toronto,20.43
L-00726,2026-01-11,2026-01,18079.1,PaidOff,B,707,62,Education,Lagos,11.59
L-00727,2026-01-24,2026-01,11943.46,PaidOff,B,614,80,Health,Toronto,15.36
L-00728,2026-01-12,2026-01,14796.97,PaidOff,A,743,82,Home,Lagos,12.37
L-00729,2026-01-24,2026-01,15994.38,PaidOff,A,786,89,Education,New York,10.51
L-00730,2026-01-25,2026-01,22548.79,PaidOff,C,563,51,Business,New York,11.29
L-00731,2026-01-23,2026-01,18193.0,PaidOff,B,635,70,Education,London,10.93
L-00732,2026-01-16,2026-01,9507.02,Defaulted,D,649,24,Health,Lagos,22.47
L-00733,2026-01-18,2026-01,11545.33,PaidOff,A,812,86,Business,New York,16.37
L-00734,2026-01-26,2026-01,5921.76,PaidOff,A,717,83,Business,London,22.76
L-00735,2026-02-16,2026-02,5951.71,Defaulted,C,571,35,Education,Lagos,16.37
L-00736,2026-02-08,2026-02,17150.83,PaidOff,A,810,83,Home,Nairobi,24.56
L-00737,2026-02-20,2026-02,9337.3,PaidOff,C,543,28,Business,Lagos,18.45
L-00738,2026-02-19,2026-02,5878.84,PaidOff,B,613,79,Home,New York,15.99
L-00739,2026-02-19,2026-02,19171.43,PaidOff,D,574,32,Business,New York,21.36
L-00740,2026-02-23,2026-02,19529.21,PaidOff,C,575,45,Education,Nairobi,21.4
L-00741,2026-02-08,2026-02,9648.12,PaidOff,D,621,14,Business,Lagos,14.43
L-00742,2026-02-14,2026-02,20559.72,PaidOff,D,614,26,Education,New York,13.9
L-00743,2026-02-23,2026-02,16276.94,PaidOff,B,653,75,Home,Nairobi,12.77
L-00744,2026-02-23,2026-02,24880.4,PaidOff,C,582,25,Health,Nairobi,11.78
L-00745,2026-02-04,2026-02,18379.75,Defaulted,C,516,39,Health,Lagos,15.78
L-00746,2026-02-20,2026-02,19587.59,PaidOff,B,603,82,Health,Lagos,18.26
L-00747,2026-02-20,2026-02,21591.07,PaidOff,B,650,69,Health,Toronto,17.97
L-00748,2026-02-07,2026-02,10041.57,Defaulted,D,541,40,Business,Toronto,14.35
L-00749,2026-02-13,2026-02,9419.26,PaidOff,D,641,44,Health,Nairobi,18.59
L-00750,2026-03-05,2026-03,5876.78,PaidOff,A,765,85,Home,New York,10.57
L-00751,2026-03-23,2026-03,14175.43,PaidOff,B,681,60,Home,Lagos,18.78
L-00752,2026-03-04,2026-03,24452.21,PaidOff,B,710,71,Health,Lagos,16.44
L-00753,2026-03-04,2026-03,8728.19,PaidOff,C,569,14,Health,Toronto,16.86
L-00754,2026-03-11,2026-03,21830.91,PaidOff,A,829,81,Health,Toronto,20.48
L-00755,2026-03-19,2026-03,7888.4,PaidOff,A,830,91,Education,Nairobi,21.68
L-00756,2026-03-16,2026-03,10621.91,PaidOff,D,626,10,Home,Nairobi,10.52
L-00757,2026-03-18,2026-03,10749.19,PaidOff,B,628,77,Business,Toronto,19.67
L-00758,2026-03-22,2026-03,21053.14,PaidOff,B,673,70,Health,Toronto,18.74
L-00759,2026-03-02,2026-03,18078.73,PaidOff,B,668,82,Education,Toronto,20.68
L-00760,2026-03-21,2026-03,22949.8,PaidOff,B,716,82,Home,Toronto,18.24
L-00761,2026-03-11,2026-03,21833.1,PaidOff,A,760,95,Health,Toronto,24.78
L-00762,2026-03-09,2026-03,6898.29,PaidOff,D,596,63,Health,New York,20.19
L-00763,2026-03-03,2026-03,9748.69,PaidOff,B,631,75,Home,Toronto,15.58
L-00764,2026-03-07,2026-03,22655.95,PaidOff,B,707,60,Business,London,20.45
L-00765,2026-04-19,2026-04,18861.11,PaidOff,B,664,70,Health,London,17.47
L-00766,2026-04-16,2026-04,10550.12,PaidOff,C,585,10,Home,Nairobi,15.64
L-00767,2026-04-12,2026-04,11574.46,PaidOff,C,535,55,Health,London,21.3
L-00768,2026-04-02,2026-04,18478.01,PaidOff,B,632,78,Business,London,10.57
L-00769,2026-04-05,2026-04,22531.4,PaidOff,C,642,10,Education,Lagos,11.99
L-00770,2026-04-03,2026-04,22728.2,PaidOff,B,647,70,Health,New York,17.16
L-00771,2026-04-24,2026-04,19065.71,PaidOff,C,559,50,Education,Toronto,19.93
L-00772,2026-04-03,2026-04,7493.08,PaidOff,B,731,69,Home,Toronto,18.75
L-00773,2026-04-10,2026-04,18279.71,PaidOff,A,819,99,Education,Nairobi,15.27
L-00774,2026-04-04,2026-04,16454.67,PaidOff,A,762,99,Business,London,17.72
L-00775,2026-04-22,2026-04,16510.44,PaidOff,B,631,80,Home,New York,24.77
L-00776,2026-04-10,2026-04,11587.48,PaidOff,D,581,31,Business,Lagos,17.82
L-00777,2026-04-18,2026-04,15806.92,PaidOff,A,711,88,Health,New York,22.15
L-00778,2026-04-17,2026-04,17367.39,PaidOff,B,737,61,Home,Nairobi,15.19
L-00779,2026-04-23,2026-04,16389.0,PaidOff,C,564,24,Education,London,16.7
